Title,URL,Score,Upvote_Ratio,Num_Comments,Post_Date
New poll pegs Mark Kelly as a leading 2028 presidential contender.,https://www.reddit.com/r/politics/comments/kelly_poll,45449,0.72,7846,03-19-2026
I have intense stretch marks from pregnancy 7 years ago,https://www.reddit.com/r/mildlyinteresting/comments/stretch_marks,11062,0.7,376,04-09-2026
TIFU so i tried to help my dad with his phone and accidentally exposed his entire double life,https://www.reddit.com/r/tifu/comments/dad_double_life,35086,0.78,14,03-30-2026
"Open the Strait of Hormuz immediately, or face devastating consequences.",https://www.reddit.com/r/worldnews/comments/hormuz_strait,49771,0.84,7110,03-22-2026
We had very good and productive talks with Iran.,https://www.reddit.com/r/news/comments/iran_talks,13221,0.78,5014,04-13-2026
NASA's Perseverance Rover captures stunning high-res image of Martian crater.,https://www.nasa.gov/perseverance-mars-crater,11971,0.67,1564,04-11-2026
New AI model can predict protein structures with 99% accuracy.,https://www.nature.com/articles/ai-protein-folding,30180,0.72,4654,03-19-2026
Apple announces new foldable iPad for 2027 release.,https://www.apple.com/newsroom/foldable-ipad,3241,0.8,3531,04-11-2026
Elder Ring DLC 'Shadow of the Erdtree' breaks player count records.,https://www.ign.com/articles/elden-ring-dlc-records,39930,0.73,1361,04-02-2026
Scientists discover first evidence of liquid water on an exoplanet.,https://www.sciencedaily.com/releases/exoplanet-water,50067,0.99,5637,04-07-2026
What are the most iconic (or infamous) Reddit posts?,https://www.reddit.com/r/AskReddit/comments/iconic_posts,11446,0.94,5901,04-09-2026
April 2026 - 'What Are You Reading?' Thread.,https://www.reddit.com/r/kindle/comments/reading_thread,46769,0.92,245,04-02-2026
US allies need to get a grip - step up and help open the Strait of Hormuz.,https://www.reddit.com/r/politics/comments/allies_strait,43963,0.84,5803,03-20-2026
"The war is ending almost completely, and very beautifully.",https://www.reddit.com/r/worldnews/comments/war_ending,7783,0.86,1227,03-28-2026
Built a tool to extract structured data from complex PDFs — would love feedback.,https://www.reddit.com/r/OCR_Tech/comments/pdf_tool,17123,0.68,5228,03-21-2026
What's a secret you've never told anyone?,https://www.reddit.com/r/AskReddit/comments/post_15,58100,0.81,7085,03-24-2026
New candidate enters the 2028 presidential race.,https://www.reddit.com/r/politics/comments/post_16,61406,0.91,1144,04-07-2026
"If you could travel back in time, where would you go?",https://www.reddit.com/r/AskReddit/comments/post_17,55050,0.89,6911,04-08-2026
New study links coffee consumption to longevity.,https://www.reddit.com/r/science/comments/post_18,32418,0.9,7638,04-01-2026
Ancient ruins discovered deep in the Amazon rainforest.,https://www.reddit.com/r/science/comments/post_19,25002,0.9,733,03-25-2026
What's a secret you've never told anyone?,https://www.reddit.com/r/AskReddit/comments/post_20,18948,0.78,3724,04-09-2026
"If you could travel back in time, where would you go?",https://www.reddit.com/r/AskReddit/comments/post_21,12126,0.93,7739,03-26-2026
Researchers find potential cure for rare genetic disorder.,https://www.reddit.com/r/science/comments/post_22,44044,0.84,4136,03-28-2026
"If you could travel back in time, where would you go?",https://www.reddit.com/r/AskReddit/comments/post_23,45233,0.86,333,04-03-2026
Senate passes major infrastructure bill.,https://www.reddit.com/r/politics/comments/post_24,39106,0.89,2688,04-03-2026
Protests break out in major cities over new tax law.,https://www.reddit.com/r/politics/comments/post_25,19072,0.95,1366,04-09-2026
Stock market reaches all-time high amid economic recovery.,https://www.reddit.com/r/news/comments/post_26,30213,0.72,2558,03-26-2026
What's the best advice you've ever received?,https://www.reddit.com/r/AskReddit/comments/post_27,56317,0.76,4245,04-08-2026
What's a secret you've never told anyone?,https://www.reddit.com/r/AskReddit/comments/post_28,55306,0.65,73,04-05-2026
What's the best advice you've ever received?,https://www.reddit.com/r/AskReddit/comments/post_29,40503,0.7,1210,04-05-2026
Local hero saves family from burning building.,https://www.reddit.com/r/news/comments/post_30,52336,0.87,5003,03-20-2026
"If you could travel back in time, where would you go?",https://www.reddit.com/r/AskReddit/comments/post_31,30656,0.78,3203,03-24-2026
Senate passes major infrastructure bill.,https://www.reddit.com/r/politics/comments/post_32,19924,0.97,7606,04-03-2026
Protests break out in major cities over new tax law.,https://www.reddit.com/r/politics/comments/post_33,1727,0.85,3798,04-14-2026
Ancient ruins discovered deep in the Amazon rainforest.,https://www.reddit.com/r/science/comments/post_34,17156,0.74,5903,04-11-2026
Researchers find potential cure for rare genetic disorder.,https://www.reddit.com/r/science/comments/post_35,52835,0.65,4377,03-30-2026
Protests break out in major cities over new tax law.,https://www.reddit.com/r/politics/comments/post_36,40425,0.84,3629,04-01-2026
"If you could travel back in time, where would you go?",https://www.reddit.com/r/AskReddit/comments/post_37,52750,0.7,5385,04-10-2026
Protests break out in major cities over new tax law.,https://www.reddit.com/r/politics/comments/post_38,18040,0.94,262,04-03-2026
Local hero saves family from burning building.,https://www.reddit.com/r/news/comments/post_39,43245,0.72,3284,03-30-2026
Stock market reaches all-time high amid economic recovery.,https://www.reddit.com/r/news/comments/post_40,46428,0.76,5963,04-07-2026
Protests break out in major cities over new tax law.,https://www.reddit.com/r/politics/comments/post_41,58242,0.71,5670,03-26-2026
Record-breaking heatwave hits the Midwest.,https://www.reddit.com/r/news/comments/post_42,48682,0.71,7758,04-04-2026
Record-breaking heatwave hits the Midwest.,https://www.reddit.com/r/news/comments/post_43,24881,0.71,4225,03-31-2026
Researchers find potential cure for rare genetic disorder.,https://www.reddit.com/r/science/comments/post_44,33096,0.87,267,04-14-2026
"If you could travel back in time, where would you go?",https://www.reddit.com/r/AskReddit/comments/post_45,15288,0.78,3777,03-26-2026
What's a secret you've never told anyone?,https://www.reddit.com/r/AskReddit/comments/post_46,59888,0.87,437,03-27-2026
What's the best advice you've ever received?,https://www.reddit.com/r/AskReddit/comments/post_47,30455,0.76,518,03-28-2026
Local hero saves family from burning building.,https://www.reddit.com/r/news/comments/post_48,39488,0.66,3488,03-28-2026
What's a secret you've never told anyone?,https://www.reddit.com/r/AskReddit/comments/post_49,63702,0.92,4509,03-20-2026
Record-breaking heatwave hits the Midwest.,https://www.reddit.com/r/news/comments/post_50,43891,0.79,6643,03-16-2026
Senate passes major infrastructure bill.,https://www.reddit.com/r/politics/comments/post_51,63589,0.75,3100,03-23-2026
Protests break out in major cities over new tax law.,https://www.reddit.com/r/politics/comments/post_52,39038,0.95,3911,03-20-2026
What's the best advice you've ever received?,https://www.reddit.com/r/AskReddit/comments/post_53,34207,0.77,3696,03-15-2026
Senate passes major infrastructure bill.,https://www.reddit.com/r/politics/comments/post_54,46072,0.77,123,04-13-2026
"If you could travel back in time, where would you go?",https://www.reddit.com/r/AskReddit/comments/post_55,49158,0.67,2377,03-18-2026
New study links coffee consumption to longevity.,https://www.reddit.com/r/science/comments/post_56,52789,0.75,999,03-30-2026
Protests break out in major cities over new tax law.,https://www.reddit.com/r/politics/comments/post_57,27148,0.95,821,04-13-2026
Stock market reaches all-time high amid economic recovery.,https://www.reddit.com/r/news/comments/post_58,39756,0.67,6433,04-02-2026
"If you could travel back in time, where would you go?",https://www.reddit.com/r/AskReddit/comments/post_59,26720,0.88,6147,03-25-2026
What's a secret you've never told anyone?,https://www.reddit.com/r/AskReddit/comments/post_60,44799,0.69,2545,03-30-2026
New candidate enters the 2028 presidential race.,https://www.reddit.com/r/politics/comments/post_61,38544,0.69,5226,03-17-2026
New candidate enters the 2028 presidential race.,https://www.reddit.com/r/politics/comments/post_62,16819,0.91,4433,03-17-2026
New study links coffee consumption to longevity.,https://www.reddit.com/r/science/comments/post_63,26058,0.82,2559,04-10-2026
What's a secret you've never told anyone?,https://www.reddit.com/r/AskReddit/comments/post_64,53042,0.8,5609,03-19-2026
"If you could travel back in time, where would you go?",https://www.reddit.com/r/AskReddit/comments/post_65,39531,0.93,7514,03-24-2026
Senate passes major infrastructure bill.,https://www.reddit.com/r/politics/comments/post_66,2527,0.93,76,04-12-2026
Senate passes major infrastructure bill.,https://www.reddit.com/r/politics/comments/post_67,47304,0.88,2916,03-19-2026
Researchers find potential cure for rare genetic disorder.,https://www.reddit.com/r/science/comments/post_68,55271,0.88,3572,03-22-2026
New candidate enters the 2028 presidential race.,https://www.reddit.com/r/politics/comments/post_69,29209,0.83,4196,04-03-2026
What's a secret you've never told anyone?,https://www.reddit.com/r/AskReddit/comments/post_70,18022,0.82,7535,04-03-2026
New candidate enters the 2028 presidential race.,https://www.reddit.com/r/politics/comments/post_71,18626,0.96,1728,03-24-2026
Record-breaking heatwave hits the Midwest.,https://www.reddit.com/r/news/comments/post_72,20149,0.81,5488,03-20-2026
Researchers find potential cure for rare genetic disorder.,https://www.reddit.com/r/science/comments/post_73,61674,0.77,6277,03-18-2026
Stock market reaches all-time high amid economic recovery.,https://www.reddit.com/r/news/comments/post_74,6655,0.89,3020,03-29-2026
New study links coffee consumption to longevity.,https://www.reddit.com/r/science/comments/post_75,34174,0.79,2808,03-29-2026
New study links coffee consumption to longevity.,https://www.reddit.com/r/science/comments/post_76,44480,0.66,5115,03-20-2026
Stock market reaches all-time high amid economic recovery.,https://www.reddit.com/r/news/comments/post_77,8455,0.93,2880,04-08-2026
Researchers find potential cure for rare genetic disorder.,https://www.reddit.com/r/science/comments/post_78,34039,0.83,1665,03-19-2026
Stock market reaches all-time high amid economic recovery.,https://www.reddit.com/r/news/comments/post_79,16861,0.68,1637,03-25-2026
Protests break out in major cities over new tax law.,https://www.reddit.com/r/politics/comments/post_80,54192,0.67,3254,03-20-2026
"If you could travel back in time, where would you go?",https://www.reddit.com/r/AskReddit/comments/post_81,23847,0.9,1156,03-30-2026
Researchers find potential cure for rare genetic disorder.,https://www.reddit.com/r/science/comments/post_82,48095,0.77,3687,03-25-2026
"If you could travel back in time, where would you go?",https://www.reddit.com/r/AskReddit/comments/post_83,40687,0.8,4362,04-10-2026
Record-breaking heatwave hits the Midwest.,https://www.reddit.com/r/news/comments/post_84,41134,0.87,6635,03-16-2026
New study links coffee consumption to longevity.,https://www.reddit.com/r/science/comments/post_85,8589,0.75,7247,03-27-2026
Stock market reaches all-time high amid economic recovery.,https://www.reddit.com/r/news/comments/post_86,34338,0.96,5579,04-03-2026
New study links coffee consumption to longevity.,https://www.reddit.com/r/science/comments/post_87,58424,0.94,7289,04-07-2026
Stock market reaches all-time high amid economic recovery.,https://www.reddit.com/r/news/comments/post_88,47602,0.7,7346,03-25-2026
New candidate enters the 2028 presidential race.,https://www.reddit.com/r/politics/comments/post_89,1490,0.8,7192,03-29-2026
Researchers find potential cure for rare genetic disorder.,https://www.reddit.com/r/science/comments/post_90,50697,0.82,178,03-31-2026
New study links coffee consumption to longevity.,https://www.reddit.com/r/science/comments/post_91,4796,0.93,5906,04-05-2026
What's the best advice you've ever received?,https://www.reddit.com/r/AskReddit/comments/post_92,42598,0.83,2212,04-06-2026
Researchers find potential cure for rare genetic disorder.,https://www.reddit.com/r/science/comments/post_93,45908,0.77,2429,03-22-2026
What's the best advice you've ever received?,https://www.reddit.com/r/AskReddit/comments/post_94,62532,0.75,2521,04-06-2026
Local hero saves family from burning building.,https://www.reddit.com/r/news/comments/post_95,12623,0.7,5050,04-01-2026
Stock market reaches all-time high amid economic recovery.,https://www.reddit.com/r/news/comments/post_96,34156,0.8,1500,04-13-2026
"If you could travel back in time, where would you go?",https://www.reddit.com/r/AskReddit/comments/post_97,40084,0.91,4684,04-12-2026
What's a secret you've never told anyone?,https://www.reddit.com/r/AskReddit/comments/post_98,30560,0.95,1199,04-01-2026
Record-breaking heatwave hits the Midwest.,https://www.reddit.com/r/news/comments/post_99,28946,0.89,3973,04-14-2026
What's a secret you've never told anyone?,https://www.reddit.com/r/AskReddit/comments/post_100,64129,0.99,3785,03-20-2026
Protests break out in major cities over new tax law.,https://www.reddit.com/r/politics/comments/post_101,15367,0.68,1132,04-14-2026
"If you could travel back in time, where would you go?",https://www.reddit.com/r/AskReddit/comments/post_102,4745,0.73,710,04-13-2026
Researchers find potential cure for rare genetic disorder.,https://www.reddit.com/r/science/comments/post_103,42648,0.97,2420,04-06-2026
New candidate enters the 2028 presidential race.,https://www.reddit.com/r/politics/comments/post_104,11825,0.69,2024,04-06-2026
Local hero saves family from burning building.,https://www.reddit.com/r/news/comments/post_105,15574,0.92,6687,03-26-2026
Ancient ruins discovered deep in the Amazon rainforest.,https://www.reddit.com/r/science/comments/post_106,10013,0.69,5123,04-01-2026
New candidate enters the 2028 presidential race.,https://www.reddit.com/r/politics/comments/post_107,7063,0.9,4431,04-06-2026
"If you could travel back in time, where would you go?",https://www.reddit.com/r/AskReddit/comments/post_108,35970,0.79,2198,04-05-2026
Record-breaking heatwave hits the Midwest.,https://www.reddit.com/r/news/comments/post_109,16081,0.73,6258,04-03-2026
"If you could travel back in time, where would you go?",https://www.reddit.com/r/AskReddit/comments/post_110,11237,0.66,6331,03-28-2026
Record-breaking heatwave hits the Midwest.,https://www.reddit.com/r/news/comments/post_111,40820,0.9,5838,04-01-2026
New study links coffee consumption to longevity.,https://www.reddit.com/r/science/comments/post_112,23028,0.74,2663,04-11-2026
Ancient ruins discovered deep in the Amazon rainforest.,https://www.reddit.com/r/science/comments/post_113,9628,0.92,4071,03-20-2026
Senate passes major infrastructure bill.,https://www.reddit.com/r/politics/comments/post_114,23611,0.72,3995,03-16-2026
New study links coffee consumption to longevity.,https://www.reddit.com/r/science/comments/post_115,11204,0.75,1806,04-02-2026
Stock market reaches all-time high amid economic recovery.,https://www.reddit.com/r/news/comments/post_116,26815,0.98,3301,03-21-2026
Record-breaking heatwave hits the Midwest.,https://www.reddit.com/r/news/comments/post_117,49973,0.88,4466,04-01-2026
Record-breaking heatwave hits the Midwest.,https://www.reddit.com/r/news/comments/post_118,10311,0.99,6255,03-29-2026
Ancient ruins discovered deep in the Amazon rainforest.,https://www.reddit.com/r/science/comments/post_119,23434,0.87,5368,03-17-2026
Senate passes major infrastructure bill.,https://www.reddit.com/r/politics/comments/post_120,41197,0.83,5620,04-01-2026
Record-breaking heatwave hits the Midwest.,https://www.reddit.com/r/news/comments/post_121,61468,0.74,3085,03-31-2026
"If you could travel back in time, where would you go?",https://www.reddit.com/r/AskReddit/comments/post_122,9187,0.78,1316,03-16-2026
Protests break out in major cities over new tax law.,https://www.reddit.com/r/politics/comments/post_123,666,0.9,4646,03-27-2026
New candidate enters the 2028 presidential race.,https://www.reddit.com/r/politics/comments/post_124,45394,0.76,6498,04-10-2026
Record-breaking heatwave hits the Midwest.,https://www.reddit.com/r/news/comments/post_125,4137,0.84,3995,04-08-2026
New candidate enters the 2028 presidential race.,https://www.reddit.com/r/politics/comments/post_126,12956,0.77,7203,04-02-2026
Senate passes major infrastructure bill.,https://www.reddit.com/r/politics/comments/post_127,45891,0.67,3743,04-13-2026
Researchers find potential cure for rare genetic disorder.,https://www.reddit.com/r/science/comments/post_128,47085,0.76,4301,04-06-2026
New study links coffee consumption to longevity.,https://www.reddit.com/r/science/comments/post_129,22040,0.66,6897,04-04-2026
Record-breaking heatwave hits the Midwest.,https://www.reddit.com/r/news/comments/post_130,59335,0.96,7210,03-21-2026
Local hero saves family from burning building.,https://www.reddit.com/r/news/comments/post_131,59377,0.85,5040,03-25-2026
Record-breaking heatwave hits the Midwest.,https://www.reddit.com/r/news/comments/post_132,658,0.87,2167,04-09-2026
Stock market reaches all-time high amid economic recovery.,https://www.reddit.com/r/news/comments/post_133,61521,0.75,3319,03-24-2026
Protests break out in major cities over new tax law.,https://www.reddit.com/r/politics/comments/post_134,9575,0.92,2254,04-06-2026
What's a secret you've never told anyone?,https://www.reddit.com/r/AskReddit/comments/post_135,4488,0.8,4804,03-25-2026
Protests break out in major cities over new tax law.,https://www.reddit.com/r/politics/comments/post_136,59612,0.87,4262,03-18-2026
Senate passes major infrastructure bill.,https://www.reddit.com/r/politics/comments/post_137,16016,0.9,396,04-07-2026
Local hero saves family from burning building.,https://www.reddit.com/r/news/comments/post_138,14829,0.99,2026,03-28-2026
New candidate enters the 2028 presidential race.,https://www.reddit.com/r/politics/comments/post_139,27315,0.96,2224,04-06-2026
Researchers find potential cure for rare genetic disorder.,https://www.reddit.com/r/science/comments/post_140,39093,0.94,599,04-05-2026
Stock market reaches all-time high amid economic recovery.,https://www.reddit.com/r/news/comments/post_141,31353,0.93,4034,03-15-2026
Ancient ruins discovered deep in the Amazon rainforest.,https://www.reddit.com/r/science/comments/post_142,43577,0.71,146,03-15-2026
"If you could travel back in time, where would you go?",https://www.reddit.com/r/AskReddit/comments/post_143,2960,0.75,3001,04-01-2026
New candidate enters the 2028 presidential race.,https://www.reddit.com/r/politics/comments/post_144,47312,0.74,7985,04-06-2026
What's the best advice you've ever received?,https://www.reddit.com/r/AskReddit/comments/post_145,53384,0.76,2542,04-05-2026
New study links coffee consumption to longevity.,https://www.reddit.com/r/science/comments/post_146,8233,0.91,426,04-04-2026
What's the best advice you've ever received?,https://www.reddit.com/r/AskReddit/comments/post_147,23311,0.74,5081,03-31-2026
Stock market reaches all-time high amid economic recovery.,https://www.reddit.com/r/news/comments/post_148,23903,0.74,4098,04-12-2026
Stock market reaches all-time high amid economic recovery.,https://www.reddit.com/r/news/comments/post_149,32733,0.69,763,03-18-2026
Record-breaking heatwave hits the Midwest.,https://www.reddit.com/r/news/comments/post_150,7295,0.89,4623,04-14-2026
Record-breaking heatwave hits the Midwest.,https://www.reddit.com/r/news/comments/post_151,38546,0.74,714,03-18-2026
Stock market reaches all-time high amid economic recovery.,https://www.reddit.com/r/news/comments/post_152,55189,0.85,1535,04-04-2026
What's the best advice you've ever received?,https://www.reddit.com/r/AskReddit/comments/post_153,7946,0.9,354,04-08-2026
Ancient ruins discovered deep in the Amazon rainforest.,https://www.reddit.com/r/science/comments/post_154,61860,0.98,940,04-06-2026
New study links coffee consumption to longevity.,https://www.reddit.com/r/science/comments/post_155,517,0.7,7198,04-09-2026
New study links coffee consumption to longevity.,https://www.reddit.com/r/science/comments/post_156,62470,0.74,7952,03-25-2026
Stock market reaches all-time high amid economic recovery.,https://www.reddit.com/r/news/comments/post_157,21619,0.77,4093,04-07-2026
Record-breaking heatwave hits the Midwest.,https://www.reddit.com/r/news/comments/post_158,23670,0.88,5157,04-04-2026
What's the best advice you've ever received?,https://www.reddit.com/r/AskReddit/comments/post_159,44077,0.72,1963,04-04-2026
"If you could travel back in time, where would you go?",https://www.reddit.com/r/AskReddit/comments/post_160,37031,0.96,4430,04-02-2026
New study links coffee consumption to longevity.,https://www.reddit.com/r/science/comments/post_161,2606,0.82,1674,03-27-2026
What's the best advice you've ever received?,https://www.reddit.com/r/AskReddit/comments/post_162,10080,0.75,4559,03-15-2026
"If you could travel back in time, where would you go?",https://www.reddit.com/r/AskReddit/comments/post_163,42522,0.92,1886,04-06-2026
What's the best advice you've ever received?,https://www.reddit.com/r/AskReddit/comments/post_164,6027,0.92,1149,03-31-2026
Stock market reaches all-time high amid economic recovery.,https://www.reddit.com/r/news/comments/post_165,54689,0.74,6136,03-30-2026
Ancient ruins discovered deep in the Amazon rainforest.,https://www.reddit.com/r/science/comments/post_166,15948,0.84,6809,04-09-2026
Ancient ruins discovered deep in the Amazon rainforest.,https://www.reddit.com/r/science/comments/post_167,47491,0.8,5605,04-05-2026
Ancient ruins discovered deep in the Amazon rainforest.,https://www.reddit.com/r/science/comments/post_168,1979,0.93,134,03-18-2026
What's a secret you've never told anyone?,https://www.reddit.com/r/AskReddit/comments/post_169,20625,0.92,6399,03-25-2026
What's the best advice you've ever received?,https://www.reddit.com/r/AskReddit/comments/post_170,52281,0.78,6116,03-26-2026
Researchers find potential cure for rare genetic disorder.,https://www.reddit.com/r/science/comments/post_171,4994,0.87,3929,03-29-2026
New study links coffee consumption to longevity.,https://www.reddit.com/r/science/comments/post_172,29118,0.74,3261,04-11-2026
Senate passes major infrastructure bill.,https://www.reddit.com/r/politics/comments/post_173,34901,0.75,5695,03-30-2026
Protests break out in major cities over new tax law.,https://www.reddit.com/r/politics/comments/post_174,42489,0.97,3338,03-18-2026
Ancient ruins discovered deep in the Amazon rainforest.,https://www.reddit.com/r/science/comments/post_175,29879,0.92,6859,04-05-2026
New candidate enters the 2028 presidential race.,https://www.reddit.com/r/politics/comments/post_176,41744,0.99,3065,04-13-2026
What's a secret you've never told anyone?,https://www.reddit.com/r/AskReddit/comments/post_177,10822,0.81,4377,04-07-2026
New candidate enters the 2028 presidential race.,https://www.reddit.com/r/politics/comments/post_178,5953,0.67,4240,04-13-2026
New candidate enters the 2028 presidential race.,https://www.reddit.com/r/politics/comments/post_179,24839,0.83,1177,03-15-2026
New study links coffee consumption to longevity.,https://www.reddit.com/r/science/comments/post_180,46604,0.88,5539,04-04-2026
What's the best advice you've ever received?,https://www.reddit.com/r/AskReddit/comments/post_181,48102,0.91,1692,04-03-2026
What's a secret you've never told anyone?,https://www.reddit.com/r/AskReddit/comments/post_182,16549,0.9,5572,04-07-2026
What's a secret you've never told anyone?,https://www.reddit.com/r/AskReddit/comments/post_183,2075,0.99,2049,03-28-2026
Ancient ruins discovered deep in the Amazon rainforest.,https://www.reddit.com/r/science/comments/post_184,55389,0.82,5818,04-05-2026
Senate passes major infrastructure bill.,https://www.reddit.com/r/politics/comments/post_185,33962,0.98,5984,03-27-2026
Protests break out in major cities over new tax law.,https://www.reddit.com/r/politics/comments/post_186,23534,0.73,2696,03-23-2026
Stock market reaches all-time high amid economic recovery.,https://www.reddit.com/r/news/comments/post_187,36866,0.94,5487,03-28-2026
Senate passes major infrastructure bill.,https://www.reddit.com/r/politics/comments/post_188,50708,0.86,6848,03-21-2026
Stock market reaches all-time high amid economic recovery.,https://www.reddit.com/r/news/comments/post_189,36204,0.9,5639,03-19-2026
New study links coffee consumption to longevity.,https://www.reddit.com/r/science/comments/post_190,32063,0.74,2841,04-10-2026
Protests break out in major cities over new tax law.,https://www.reddit.com/r/politics/comments/post_191,44244,0.66,4567,04-07-2026
Senate passes major infrastructure bill.,https://www.reddit.com/r/politics/comments/post_192,6413,0.93,2739,03-28-2026
New candidate enters the 2028 presidential race.,https://www.reddit.com/r/politics/comments/post_193,16242,0.9,746,04-05-2026
Senate passes major infrastructure bill.,https://www.reddit.com/r/politics/comments/post_194,42264,0.68,7340,04-05-2026
Stock market reaches all-time high amid economic recovery.,https://www.reddit.com/r/news/comments/post_195,30486,0.79,1167,04-13-2026
Record-breaking heatwave hits the Midwest.,https://www.reddit.com/r/news/comments/post_196,50281,0.82,5876,04-06-2026
Ancient ruins discovered deep in the Amazon rainforest.,https://www.reddit.com/r/science/comments/post_197,42776,0.73,477,04-10-2026
"If you could travel back in time, where would you go?",https://www.reddit.com/r/AskReddit/comments/post_198,35203,0.95,7078,04-04-2026
Local hero saves family from burning building.,https://www.reddit.com/r/news/comments/post_199,49830,0.93,3870,04-13-2026
