Title,URL,Score,Upvote_Ratio,Num_Comments,Post_Date
"US-sanctioned Chinese tankers pass Strait of Hormuz despite US blockade, data shows",https://www.reuters.com/business/energy/us-sanctioned-chinese-tanker-passes-strait-hormuz-despite-us-blockade-data-shows-2026-04-14/,118300,0.97,15700,2026-04-14
Oil prices hit $104 a barrel after US naval blockade of Iranian ports takes effect,https://www.cnn.com/2026/04/14/business/oil-prices-104-barrel-iran-blockade,74200,0.91,9800,2026-04-14
US Energy Secretary says oil prices will peak 'in the next few weeks' once ships clear Hormuz,https://www.cnbc.com/2026/04/14/us-energy-secretary-oil-prices-peak-hormuz-blockade.html,31400,0.89,4100,2026-04-14
China's foreign minister says blockading Iranian ports does not serve the world's common interests,https://www.reuters.com/world/china-wang-yi-iran-blockade-common-interests-2026-04-14/,28900,0.88,3700,2026-04-14
Iran's IRGC vows to unveil 'new forms of warfare' as US naval blockade goes into effect,https://apnews.com/article/iran-irgc-new-warfare-us-naval-blockade-2026-04-14,44200,0.86,6200,2026-04-14
Asian markets open sharply lower as oil tops $100; shipping insurance costs triple overnight,https://www.reuters.com/markets/asian-markets-oil-100-shipping-insurance-iran-2026-04-14/,29800,0.88,3900,2026-04-14
Trump gives $100 tip to DoorDasher delivering McDonald's to the Oval Office,https://www.cnn.com/2026/04/14/politics/trump-doordash-mcdonalds-oval-office-tip,198400,0.96,31800,2026-04-14
Canadian Prime Minister Carney secures majority government with special election wins,https://apnews.com/article/carney-canada-special-elections-trump-304cca23cd562e911002aa2c83f19fb2,35500,0.96,3900,2026-04-13
Brazil's former spy chief who fled the country is arrested by ICE agents in the US,https://www.theguardian.com/world/2026/apr/13/brazil-former-spy-chief-arrested-us-ice-alexandre-ramagem,21500,0.97,1300,2026-04-13
Stampede at Haiti's Citadelle Laferrière fortress kills at least 25 tourists,https://apnews.com/article/haiti-citadelle-laferriere-stampede-tourists-killed-2026-04-13,18200,0.96,1450,2026-04-13
"Trump attacks Pope Leo XIV on Truth Social, says pontiff is 'wrong on the issues' and 'weak on crime'",https://www.cbsnews.com/news/trump-attacks-pope-leo-xiv-wrong-on-issues-weak-on-crime-2026/,98200,0.92,14200,2026-04-13
Trump fires immigration judges who dismissed deportation cases against student activists,https://www.democracynow.org/2026/4/13/trump-fires-immigration-judges-deportations-student-activists,62400,0.89,9800,2026-04-13
Viktor Orbán concedes defeat as Fidesz suffers landslide loss in Hungarian parliamentary election,https://www.democracynow.org/2026/4/13/orban-era-over-hungary-election-fidesz-defeat,52100,0.93,7400,2026-04-13
Peru presidential election result still unknown after ballot delivery failures force extended voting,https://apnews.com/article/peru-election-presidential-2026-ballot-failure-extended,12400,0.88,980,2026-04-13
US military blows up two suspected drug-smuggling boats in eastern Pacific Ocean,https://www.npr.org/2026/04/13/nx-s1-5784102/us-military-drug-boats-pacific-ocean-destroyed,23100,0.89,2900,2026-04-13
Hezbollah fires rocket barrages at northern Israeli towns despite ceasefire agreement,https://www.aljazeera.com/news/2026/4/13/hezbollah-rocket-barrage-northern-israel-ceasefire-violation,27400,0.85,4100,2026-04-13
Pakistan militant kills police officer guarding polio vaccination team during nationwide campaign,https://apnews.com/article/pakistan-polio-campaign-police-killed-northwest-3b943774a27e3dfe67c2d6191cc66f53,38900,0.96,3600,2026-04-13
Pope Leo XIV departs on 11-day Africa trip despite ongoing Iran war and Trump feud,https://apnews.com/article/pope-leo-xiv-africa-trip-11-day-apostolic-journey-2026-04-13,29400,0.93,3800,2026-04-13
Iran calls US naval blockade an 'act of piracy'; vows consequences for global economy,https://www.cnn.com/2026/04/13/world/live-news/iran-us-war-trump-hormuz,41300,0.88,6200,2026-04-13
Rep. Eric Swalwell announces resignation from Congress after ex-staffer rape allegation,https://www.cbsnews.com/news/eric-swalwell-resigns-congress-ex-staffer-rape-allegation-2026/,74800,0.87,12400,2026-04-13
Hungary votes Orbán's Fidesz party out — highest turnout since the 1990s,https://www.theguardian.com/world/2026/apr/12/hungary-election-orban-fidesz-defeated-tisza-party,52100,0.93,7400,2026-04-12
US and Iran peace talks in Islamabad collapse after 14 hours without a deal,https://www.nbcnews.com/world/iran/live-blog/live-updates-us-iran-fail-reach-deal-peace-talks-day-negotiations-rcna315918,44300,0.9,6700,2026-04-12
Pope Leo XIV's 11-day Africa trip recalled complexity of St. John Paul II's early travels,https://www.npr.org/2026/04/12/nx-s1-5783400/pope-leo-xiv-africa-trip-complexity-john-paul,18200,0.91,1900,2026-04-12
Wounded Hezbollah commander tells NPR how the group has rearmed and changed tactics since 2024,https://www.npr.org/2026/04/12/nx-s1-5783101/hezbollah-wounded-commander-rearms-tactics-2026,34200,0.87,4900,2026-04-12
"IDF tank rams UN peacekeeping vehicles twice in southern Lebanon, blocking access road",https://apnews.com/article/idf-tank-un-peacekeeping-vehicles-southern-lebanon-2026-04-12,48200,0.85,7100,2026-04-12
Israeli airstrike kills Red Cross paramedic in southern Lebanon,https://www.aljazeera.com/news/2026/4/12/israeli-airstrike-kills-red-cross-paramedic-southern-lebanon,39400,0.86,5800,2026-04-12
"Lebanon's health ministry: Israeli strikes have killed over 2,000 people including 165 children since March",https://www.aljazeera.com/news/2026/4/12/lebanon-health-ministry-2000-killed-children-since-march-2026,34200,0.85,5100,2026-04-12
March 2026 was the hottest March on record for the continental US — by the widest margin ever,https://www.cbsnews.com/news/march-2026-hottest-on-record-continental-us-widest-margin/,61200,0.95,8400,2026-04-12
Project Hail Mary film: NASA scientists weigh in on what the blockbuster got right,https://www.npr.org/2026/04/12/nx-s1-5783200/project-hail-mary-film-nasa-science-accuracy,54400,0.96,6100,2026-04-12
Second Global Sumud Flotilla departs Barcelona for Gaza aiming to break Israeli blockade,https://www.democracynow.org/2026/4/13/second-global-sumud-flotilla-barcelona-gaza-blockade,31200,0.88,4200,2026-04-12
Artemis II crew splashes down safely after historic lunar flyby mission,https://www.npr.org/2026/04/11/nx-s1-5782177/artemis-ii-splashdown-crew-safe-return,61900,0.97,8200,2026-04-11
"Cambodia erects statue honoring Magawa, the heroic landmine-detecting rat",https://www.npr.org/2026/04/11/nx-s1-5782034/cambodia-magawa-rat-statue-landmine-hero,112400,0.99,9800,2026-04-11
"Global regreening project targets 250 million acres and 4,000 miles of trees worldwide",https://www.npr.org/2026/04/11/nx-s1-5781990/global-regreening-250-million-acres-trees-initiative,31200,0.95,2900,2026-04-11
India's government cracks down on satirists mocking Prime Minister Modi on social media,https://www.npr.org/2026/04/11/nx-s1-5782112/india-modi-satire-crackdown-free-speech,28900,0.86,4100,2026-04-11
Artemis II astronauts are first humans to see parts of the Moon's far side with the naked eye,https://www.cbsnews.com/news/artemis-ii-astronauts-moon-far-side-naked-eye-first-humans/,87400,0.98,10800,2026-04-11
OpenAI's Sam Altman and Anthropic's Dario Amodei join Modi at India AI Impact Summit,https://www.npr.org/2026/04/11/nx-s1-5782000/openai-altman-anthropic-amodei-india-ai-summit-modi,64300,0.94,8200,2026-04-11
Dozens of Tuskegee Airmen missing since World War II finally identified by researchers,https://www.npr.org/2026/04/12/nx-s1-5783015/tuskegee-airmen-missing-action-wwii-identified,67800,0.98,5400,2026-04-11
Board of Immigration Appeals denies Mahmoud Khalil's bid to dismiss deportation case,https://apnews.com/article/mahmoud-khalil-deportation-immigration-appeals-ruling-2026,44100,0.89,6900,2026-04-10
Polymarket under fire as anonymous traders made well-timed bets hours before Iran ceasefire collapsed,https://apnews.com/article/polymarket-suspicious-bets-iran-ceasefire-prediction-market-investigation-2026,52400,0.92,8100,2026-04-10
Cuba's President Díaz-Canel tells NBC he will not step down — first US network interview,https://www.npr.org/2026/04/10/nx-s1-5780023/cuba-diaz-canel-nbc-interview-wont-step-down,16300,0.88,1800,2026-04-10
France detains EU Parliament member Rima Hassan on 'apology for terrorism' suspicion over social media post,https://www.democracynow.org/2026/4/3/france-detains-eu-mp-rima-hassan-terrorism-suspicion,34200,0.85,5200,2026-04-10
Brent crude nears $100 a barrel as oil markets price in prolonged Hormuz disruption,https://www.reuters.com/markets/commodities/brent-crude-100-barrel-hormuz-disruption-2026-04-10/,29400,0.9,3800,2026-04-10
"Israel says it struck 3,500 targets in Lebanon in just one month of renewed conflict",https://www.democracynow.org/2026/4/3/israel-struck-3500-targets-lebanon-one-month,41200,0.85,6400,2026-04-10
North Korea tests ballistic missiles with cluster-bomb warheads in new weapons spree,https://apnews.com/article/north-korea-missile-cluster-bomb-warhead-test-2026,21000,0.87,2800,2026-04-09
Celebrated mountaineer Jim Whittaker — first American to summit Everest — dies at 94,https://www.npr.org/2026/04/09/nx-s1-5779844/jim-whittaker-mountaineer-dies-first-american-everest,71200,0.98,6700,2026-04-09
Yale loses its longtime No. 1 spot on latest US News law school rankings,https://www.reuters.com/world/us/yale-loses-top-us-law-school-ranking-2026-04-09/,46200,0.93,7800,2026-04-09
"Israel strikes Syrian military sites in south, claiming to respond to alleged Druze attacks",https://en.wikipedia.org/wiki/Portal:Current_events/2026_March_20,19800,0.84,2900,2026-04-09
"NATO withdraws troops from Iraq, relocating to Europe amid regional Iran war threat",https://www.reuters.com/world/nato-withdraws-troops-iraq-europe-iran-war-2026-04-09/,24100,0.88,3400,2026-04-09
Poland withdraws forces from Iraq citing regional threat posed by the Iran conflict,https://apnews.com/article/poland-withdraws-forces-iraq-iran-war-threat-2026-04-09,17400,0.87,2200,2026-04-09
Scientists discover 300-million-year-old fossil once thought to be oldest octopus is actually a nautilus,https://www.cbsnews.com/news/300-million-year-old-fossil-oldest-octopus-nautilus-relative/,84200,0.97,9800,2026-04-09
Florida governor signs 'terrorist' designation law raising free speech and due process concerns,https://www.reuters.com/world/us/florida-governor-terrorist-designation-law-free-speech-2026-04-08/,29900,0.86,4300,2026-04-08
Georgia congressional runoff puts Trump's influence over Republican base to the test,https://www.reuters.com/world/us/georgia-runoff-trump-influence-republican-base-2026-04-08/,19400,0.87,2500,2026-04-08
Hegseth fires Army Chief of Staff Gen. Randy George in latest Pentagon leadership shakeup,https://www.democracynow.org/2026/4/3/hegseth-fires-army-chief-of-staff-randy-george,38200,0.87,5800,2026-04-08
Israel strikes Lebanese capital's southern suburbs in heaviest bombardment in weeks,https://www.aljazeera.com/news/2026/4/8/israel-strikes-southern-beirut-heaviest-bombardment-weeks,41200,0.84,6100,2026-04-08
White House prepares to request record $1.5 trillion Pentagon budget — largest since WWII,https://www.democracynow.org/2026/4/3/white-house-1-5-trillion-pentagon-budget-record,68400,0.88,11200,2026-04-08
"Trump fires Attorney General Pam Bondi, names former personal defense lawyer as replacement",https://www.democracynow.org/2026/4/3/trump-fires-pam-bondi-attorney-general-replacement,84200,0.89,13800,2026-04-08
US deports immigrants to Uganda in expansion of controversial third-country deportation program,https://www.democracynow.org/2026/4/3/us-deports-immigrants-uganda-third-country-deportation,44100,0.86,7200,2026-04-08
Roberts-Smith charged — only second Australian Afghanistan veteran to face war crimes prosecution,https://apnews.com/article/australia-roberts-smith-war-crimes-charged-afghanistan-2026-04-07,27400,0.88,3400,2026-04-07
JD Vance campaigns alongside Orbán in Budapest days before Hungary's parliamentary election,https://www.democracynow.org/2026/4/7/jd-vance-campaigns-orban-budapest-hungary-election,24500,0.83,3900,2026-04-07
Gulf sovereign wealth funds begin review of US AI data center investments amid Iran war,https://www.reuters.com/technology/gulf-wealth-funds-review-us-ai-data-center-2026-04-07/,21900,0.9,2800,2026-04-07
IMF warns Iran war could lead to significantly higher inflation and weakened global growth,https://www.democracynow.org/2026/4/7/imf-iran-war-inflation-global-economy-warning,37400,0.9,5000,2026-04-07
Satellite firm Planet Labs to indefinitely withhold Iran war images,https://www.reuters.com/technology/planet-labs-withhold-iran-war-images-indefinitely-2026-04-06/,18900,0.9,2200,2026-04-07
Amnesty International: Nigerian military airstrikes kill over 100 civilians in Maiduguri,https://apnews.com/article/amnesty-international-nigeria-military-airstrikes-civilians-2026-04-07,28200,0.88,4100,2026-04-07
Associated Press begins offering buyouts to journalists amid broader AI transformation,https://fortune.com/2026/04/06/associated-press-starts-offering-buyouts-to-newspaper-journalists-amid-wider-ai-transformation/,39100,0.91,5200,2026-04-06
AI dreams crash into $7 trillion infrastructure reality as industry growth slows,https://www.reuters.com/technology/ai-dreams-7-trillion-infrastructure-costs-2026-04-06/,58200,0.92,7400,2026-04-06
US and Iran agree to preliminary 45-day ceasefire framework; mediators present terms,https://www.usnews.com/news/world/articles/2026-04-05/us-iran-mediators-45-day-ceasefire-deal,32100,0.91,4700,2026-04-06
Trump says he may pull out of NATO as criticism of Iran war mounts among European allies,https://www.democracynow.org/2026/4/7/trump-pull-out-nato-iran-war-criticism-europe,78400,0.87,13200,2026-04-06
Lee Enterprises seeks early exit from AP content deal as media restructuring accelerates,https://fortune.com/2026/04/06/associated-press-lee-enterprises-early-exit-contract-2026/,18300,0.88,2100,2026-04-06
UCLA wins first ever NCAA Women's Basketball National Championship over South Carolina,https://apnews.com/article/ucla-south-carolina-womens-ncaa-championship-2026,38900,0.96,4800,2026-04-05
Iran says 'excessive demands' by US sank ceasefire deal; Vance says 'final offer' still on table,https://www.nbcnews.com/world/iran/iran-excessive-demands-ceasefire-failure-vance-final-offer-2026,41300,0.88,6200,2026-04-05
Irish fuel protests enter sixth consecutive day as Iran war drives prices to record highs,https://www.reuters.com/world/europe/ireland-fuel-protests-sixth-day-prices-iran-war-2026-04-12/,22100,0.87,3200,2026-04-05
Saboteur at Ireland's Shannon Airport uses hatchet to damage US military aircraft,https://www.democracynow.org/2026/4/13/saboteur-ireland-shannon-airport-hatchet-us-military-aircraft,54200,0.88,8400,2026-04-05
Federal judge strikes down Trump executive order pulling funding from NPR and PBS,https://www.npr.org/2026/04/03/nx-s1-5773290/federal-judge-trump-npr-pbs-funding-order-struck-down,74200,0.95,9800,2026-04-04
Zohran Mamdani touts accomplishments after 100 days as New York City mayor,https://www.democracynow.org/2026/4/13/zohran-mamdani-100-days-nyc-mayor-accomplishments,28400,0.91,4100,2026-04-04
Warner Bros. Discovery-Paramount Skydance merger at risk as Gulf wealth funds reassess,https://www.reuters.com/business/media-telecom/warner-bros-paramount-merger-gulf-wealth-funds-2026-04-07/,27400,0.87,3400,2026-04-04
US court orders Trump admin to stop deporting immigrants to countries with which they have no ties,https://apnews.com/article/trump-admin-deportation-third-country-court-order-blocked-2026-04-04,58200,0.9,9200,2026-04-04
Trump warns of 'much more to follow' as US bombs civilian infrastructure in Iran,https://www.democracynow.org/2026/4/3/trump-bombs-civilian-infrastructure-iran-much-more,94200,0.86,16400,2026-04-03
Trump expects Iran war to be 'nearly complete'; Pentagon preparing weeks of ground operations,https://www.npr.org/2026/04/03/nx-s1-5773286/the-news-roundup-for-april-3-2026,62100,0.87,9800,2026-04-03
"Trump fires AG Pam Bondi despite her never saying no to him, names new replacement",https://www.democracynow.org/2026/4/3/pam-bondi-fired-attorney-general-trump-law-professor,78400,0.88,12800,2026-04-03
"US bombs major bridge in Karaj, Iran; strikes again an hour later as rescuers assist wounded",https://www.democracynow.org/2026/4/3/us-bombs-karaj-bridge-iran-civilian-infrastructure,88200,0.86,15200,2026-04-03
Iran strikes Gulf refineries and warns of escalating attacks as US-Israeli bombings continue,https://www.democracynow.org/2026/4/3/iran-strikes-gulf-refineries-escalating-attacks,72400,0.87,11800,2026-04-03
Good Friday: Pope Leo XIV leads vigil for peace inside St. Peter's Basilica at the Vatican,https://apnews.com/article/pope-leo-xiv-good-friday-vigil-peace-st-peters-2026-04-03,41200,0.95,5200,2026-04-03
Iran's President Pezeshkian publishes open letter to the American people calling for peace,https://multipluralworld.com/world-news-headlines-and-analysis-for-april-2026/,28400,0.91,4100,2026-04-01
"US considers winding down Iran military operations as objectives 'nearly met', Trump tells aides",https://www.theguardian.com/world/2026/apr/01/trump-winding-down-iran-military-objectives-nearly-met,41200,0.89,6400,2026-04-01
North Korea's Kim unveils new hypersonic missile capable of reaching Guam in under 15 minutes,https://www.reuters.com/world/asia-pacific/north-korea-hypersonic-missile-guam-range-2026-04-01/,48900,0.87,6800,2026-04-01
Trump drops bunker buster bombs on Isfahan and threatens to obliterate Iran's energy infrastructure,https://www.democracynow.org/2026/3/31/trump-bunker-buster-isfahan-iran-energy-infrastructure,118400,0.86,21400,2026-03-31
Iran vows to target American university campuses in region after US strikes hit Iranian universities,https://www.democracynow.org/2026/3/31/iran-threatens-target-us-university-campuses-region,84200,0.87,14800,2026-03-31
Socialist filmmaker Avi Lewis elected to lead Canada's NDP party,https://www.democracynow.org/2026/3/31/avi-lewis-elected-ndp-leader-canada-socialist,22400,0.9,2900,2026-03-31
Iran's parliament approves death penalty for collaboration with Israel and the United States,https://apnews.com/article/iran-parliament-death-penalty-collaboration-israel-us-2026-03-31,67400,0.85,11800,2026-03-31
At least 70 killed in gang massacre in Haiti as UN force prepares to deploy,https://www.democracynow.org/2026/3/31/haiti-gang-massacre-70-killed-un-force-deploys,28400,0.88,4200,2026-03-31
Trump opens 401(k) retirement accounts to private equity investments for first time,https://apnews.com/article/trump-401k-retirement-private-equity-investments-2026-03-31,34200,0.89,5400,2026-03-31
UK prime minister Keir Starmer allows US to use British bases to strike Iranian targets,https://www.bbc.com/news/uk-politics-keir-starmer-us-british-bases-iran-strikes-2026,78400,0.87,13400,2026-03-30
Iran fires cluster munitions at Israel and strikes oil tanker near Dubai,https://www.democracynow.org/2026/3/31/iran-cluster-munitions-israel-oil-tanker-dubai,64200,0.84,10800,2026-03-30
Venezuela sues US for illegally sending man to notorious El Salvador prison under Alien Enemies Act,https://apnews.com/article/venezuela-sues-us-el-salvador-prison-alien-enemies-act-2026-03-30,48200,0.88,7800,2026-03-30
MSF report: Rape and sexual violence have become 'part of everyday life' in Sudan's Darfur region,https://www.democracynow.org/2026/3/31/msf-rape-sexual-violence-everyday-life-sudan-darfur,41200,0.93,5800,2026-03-30
Emperor penguin declared endangered species as Antarctic ice loss accelerates,https://www.cbsnews.com/news/emperor-penguin-declared-endangered-species-climate-change-ice-loss/,78400,0.96,9800,2026-03-29
Newly released surveillance photos show suspect who threw Molotov cocktail at Sam Altman's home,https://www.cbsnews.com/news/sam-altman-home-molotov-cocktail-suspect-surveillance-photos/,94200,0.91,14800,2026-03-29
US jury finds Elon Musk misled investors in two tweets but absolves him of some fraud claims,https://en.wikipedia.org/wiki/Portal:Current_events/2026_March_20,58400,0.89,9200,2026-03-29
Colorado State releases 2026 hurricane forecast: 13 named storms and 6 hurricanes expected,https://www.cbsnews.com/news/colorado-state-2026-atlantic-hurricane-forecast-13-named-storms/,28400,0.92,3800,2026-03-29
"Communities fight back as tech giants build more than 4,000 AI data centers across the US",https://www.cbsnews.com/news/ai-data-centers-4000-us-communities-fight-back-environment/,44200,0.91,6800,2026-03-29
Israel passes law legalizing death penalty for convicted Palestinian attackers,https://www.democracynow.org/2026/3/31/israel-parliament-approves-death-penalty-palestinians,74200,0.84,12800,2026-03-28
Qatar suspends LNG production after two Iranian drone strikes hit its facilities,https://www.reuters.com/business/energy/qatar-suspends-lng-production-iranian-drone-strikes-2026-03-28/,48200,0.9,7100,2026-03-28
Saudi Arabia's largest domestic oil refinery halted after Iranian drone attack,https://www.reuters.com/business/energy/saudi-aramco-refinery-halted-iranian-drone-attack-2026-03-28/,62400,0.89,9800,2026-03-28
Philippines halts all flights to Middle East until April 30 over Iran war safety concerns,https://apnews.com/article/philippines-halts-flights-middle-east-iran-war-safety-2026-03-28,28400,0.92,3800,2026-03-28
US will not allow Cuba to receive Russian fuel oil shipments; two tankers rerouted,https://www.cnbc.com/2026/03/28/us-blocks-cuba-russian-fuel-oil-shipments-tankers.html,24200,0.88,3400,2026-03-28
Secretary Rubio arrives in Paris for emergency NATO consultations on Iran war escalation,https://www.cnn.com/2026/04/13/world/live-news/iran-us-war-trump-hormuz,34200,0.9,4900,2026-03-27
Iran declares Strait of Hormuz 'closed' — IRGC commander warns ships will be set on fire,https://www.democracynow.org/2026/3/3/iran-irgc-strait-hormuz-closed-ships-fire,128400,0.87,22800,2026-03-27
Three oil tankers struck in Strait of Hormuz as global shipping grinds to near halt,https://www.reuters.com/business/energy/three-oil-tankers-struck-strait-hormuz-shipping-halt-2026-03-27/,84200,0.9,13800,2026-03-27
Oil prices surge 18% in single session — biggest one-day gain since 2008 financial crisis,https://www.cnbc.com/2026/03/27/oil-prices-surge-18-percent-biggest-one-day-gain-since-2008.html,98400,0.91,16400,2026-03-27
US and Israel launch joint airstrikes on Iranian nuclear sites near Isfahan,https://apnews.com/article/us-israel-joint-airstrikes-iran-nuclear-isfahan-2026-03-26,218400,0.88,38400,2026-03-26
Iran fires ballistic missiles at US bases in Qatar and Bahrain in retaliation for airstrikes,https://www.reuters.com/world/middle-east/iran-ballistic-missiles-us-bases-qatar-bahrain-2026-03-26/,178400,0.87,32400,2026-03-26
Stock markets in free fall worldwide as US-Iran conflict erupts into open warfare,https://www.cnbc.com/2026/03/26/stock-markets-free-fall-us-iran-conflict-open-warfare.html,148400,0.89,26400,2026-03-26
Trump delivers Oval Office address: 'We had no choice but to act',https://apnews.com/article/trump-oval-office-address-iran-war-no-choice-2026-03-26,198400,0.87,36800,2026-03-26
"Iran strikes Israeli air base in Nevatim with hypersonic missiles, fires at US carrier group",https://www.reuters.com/world/middle-east/iran-strikes-israeli-air-base-nevatim-hypersonic-2026-03-25/,168400,0.85,29800,2026-03-25
US aircraft carrier USS Nimitz damaged in Iranian drone swarm attack in Persian Gulf,https://apnews.com/article/uss-nimitz-damaged-iran-drone-swarm-persian-gulf-2026-03-25,214400,0.87,38200,2026-03-25
10 US soldiers killed in attack on Al-Udeid Air Base in Qatar; Pentagon confirms casualties,https://apnews.com/article/us-soldiers-killed-al-udeid-qatar-iran-attack-2026-03-25,178400,0.88,31200,2026-03-25
Oil prices hit $88 barrel as Iran-Israel tensions push region toward war,https://www.cnbc.com/2026/03/25/oil-prices-88-barrel-iran-israel-tensions-war.html,84200,0.9,13200,2026-03-25
US and Israel conduct coordinated airstrikes against Iranian ballistic missile sites,https://www.reuters.com/world/middle-east/us-israel-coordinated-airstrikes-iran-missile-sites-2026-03-24/,148400,0.87,26400,2026-03-24
Iran retaliates with mass drone launch at Israeli cities; Iron Dome intercepts most,https://www.aljazeera.com/news/2026/3/24/iran-mass-drone-launch-israeli-cities-iron-dome,128400,0.85,22800,2026-03-24
"Second Marine Expeditionary Unit of 2,200 troops deployed to Middle East",https://apnews.com/article/second-marine-expeditionary-unit-2200-troops-middle-east-2026-03-24,48200,0.9,7200,2026-03-24
UK Palestinian solidarity activists convicted of breaching police protest rules in London,https://www.democracynow.org/2026/4/3/uk-palestine-solidarity-activists-convicted-protest-rules,28400,0.86,4200,2026-03-23
US and Iran agree to two-week ceasefire; Israel continues bombing Lebanon,https://www.democracynow.org/2026/3/3/us-iran-agree-two-week-ceasefire-israel-bombs-lebanon,54200,0.9,7800,2026-03-23
Roblox announces new child safety accounts segregating users ages 5-15 from adult content,https://www.cbsnews.com/news/roblox-child-safety-accounts-ages-5-8-9-15-adult-content/,38400,0.92,5800,2026-03-23
Cargo ships begin diverting away from Strait of Hormuz as Iran closes waterway to traffic,https://www.reuters.com/business/energy/cargo-ships-divert-strait-hormuz-iran-closes-2026-03-22/,64200,0.9,9800,2026-03-22
Iran confirms death of IRGC spokesperson Ali Mohammad Naini in Israeli airstrike in Tehran,https://www.aljazeera.com/news/2026/3/22/iran-confirms-death-irgc-spokesperson-naini-airstrike-tehran,38400,0.88,5400,2026-03-22
Iran grants Japan special passage through Strait of Hormuz as diplomatic exception,https://apnews.com/article/iran-japan-passage-strait-hormuz-diplomatic-exception-2026-03-22,22400,0.91,2900,2026-03-22
Iran launches strikes on Ben-Gurion Airport in Tel Aviv targeting aerial refueling aircraft,https://apnews.com/article/iran-strikes-ben-gurion-airport-tel-aviv-aerial-refueling-2026-03-21,94200,0.85,15800,2026-03-21
Iran attacks US Embassy compound in Riyadh with drones; Saudi Arabia reports limited damage,https://www.reuters.com/world/middle-east/iran-drones-us-embassy-riyadh-saudi-arabia-damage-2026-03-21/,108400,0.86,18400,2026-03-21
South Korea factory fire in Daejeon kills 14 and injures 60; plant workers trapped inside,https://apnews.com/article/south-korea-daejeon-factory-fire-killed-injured-2026-03-21,21400,0.91,2600,2026-03-21
Gaza ceasefire framework: mediators give Hamas 90 days to hand over weapons,https://apnews.com/article/gaza-ceasefire-hamas-90-days-weapons-mediators-cairo-2026-03-20,44200,0.9,6400,2026-03-20
Trump admin waives protections for endangered species to allow offshore oil drilling,https://www.democracynow.org/2026/4/3/trump-waives-endangered-species-offshore-oil-drilling,52200,0.87,7800,2026-03-20
Belgium says it would consider joining Strait of Hormuz security operation if ceasefire in place,https://apnews.com/article/belgium-strait-hormuz-security-operation-ceasefire-2026-03-20,18400,0.9,2200,2026-03-20
"US blocks Russian fuel tankers from docking in Cuba, deepening island's energy crisis",https://www.cnbc.com/2026/03/19/us-blocks-russian-fuel-tankers-cuba-energy-crisis.html,34200,0.89,5200,2026-03-19
Trump opens 401(k)s to private equity for first time; critics warn of hidden fees,https://apnews.com/article/trump-401k-private-equity-hidden-fees-retirement-2026-03-19,48200,0.89,7200,2026-03-19
Israeli strikes on Iraq oil infrastructure spark Baghdad protest calling for war to stop,https://www.reuters.com/world/middle-east/israeli-strikes-iraq-oil-infrastructure-baghdad-protest-2026-03-19/,38400,0.86,5800,2026-03-19
US ground forces enter western Iran in first confirmed boots-on-the-ground deployment,https://apnews.com/article/us-ground-forces-western-iran-first-confirmed-deployment-2026-03-18,178400,0.87,31800,2026-03-18
Iran shuts down internet in four major provinces as war escalates,https://www.reuters.com/world/middle-east/iran-shuts-internet-four-provinces-war-2026-03-18/,84200,0.88,14200,2026-03-18
"Iran's death toll from US-Israeli strikes surpasses 2,000 civilians, human rights groups say",https://apnews.com/article/iran-civilian-death-toll-us-israeli-strikes-2000-rights-2026-03-18,94200,0.86,16800,2026-03-18
Venezuelan man sues US government after being wrongly sent to El Salvador's CECOT prison,https://apnews.com/article/venezuelan-man-sues-us-el-salvador-cecot-prison-wrongly-2026-03-17,84200,0.9,13200,2026-03-17
Hamas signals willingness to accept modified ceasefire terms if hostage deal is included,https://www.reuters.com/world/middle-east/hamas-modified-ceasefire-hostage-deal-2026-03-17/,44200,0.9,6400,2026-03-17
Worker sets fire to California paper warehouse in protest: 'All you had to do was pay us enough',https://www.democracynow.org/2026/4/13/worker-fire-california-paper-warehouse-protest-pay,58400,0.9,9400,2026-03-17
Ground beef prices soar to record highs in US — and forecast to climb further through 2026,https://www.cbsnews.com/news/ground-beef-prices-record-high-us-forecast-2026/,78400,0.91,12400,2026-03-16
Iran's IRGC announces new weapons unveiled in response to US-Israeli strikes,https://apnews.com/article/iran-irgc-new-weapons-response-us-israeli-strikes-2026-03-16,68200,0.86,11200,2026-03-16
Iran attacks strike Arab-operated LNG tanker in Gulf; crew abandons ship,https://www.reuters.com/business/energy/iran-attacks-arab-lng-tanker-gulf-crew-abandons-2026-03-16/,74200,0.87,12400,2026-03-16
US and Israel begin massive air campaign against Iran — war officially declared,https://apnews.com/article/us-israel-air-campaign-iran-war-officially-declared-2026-03-15,428400,0.87,78400,2026-03-15
Trump addresses nation: US will 'finish what needs to be done' in Iran,https://www.cnn.com/2026/03/15/politics/trump-addresses-nation-iran-war-finish,312400,0.86,52400,2026-03-15
Iran vows 'severe consequences' as US airstrikes kill top IRGC general in Tehran,https://www.reuters.com/world/middle-east/iran-vows-severe-consequences-us-airstrikes-irgc-general-tehran-2026-03-15/,248400,0.85,44200,2026-03-15
Oil futures spike to $74 a barrel after news of first US strikes on Iranian soil,https://www.cnbc.com/2026/03/15/oil-futures-spike-us-strikes-iran-soil.html,124200,0.9,21400,2026-03-15
Iran fires ballistic missiles at Israeli cities in response to US-Israeli airstrikes,https://www.aljazeera.com/news/2026/3/15/iran-fires-ballistic-missiles-israeli-cities-response-airstrikes,178400,0.85,31200,2026-03-15
Pentagon mobilizes three carrier strike groups to Persian Gulf in largest US naval deployment since Gulf War,https://apnews.com/article/pentagon-three-carrier-strike-groups-persian-gulf-2026-03-15,198400,0.9,34200,2026-03-15
World leaders condemn US military action; UN Security Council holds emergency session,https://www.reuters.com/world/un-security-council-emergency-session-us-iran-war-2026-03-15/,148400,0.88,26400,2026-03-15
Iran's IRGC launches counter-blockade naval exercises in Gulf of Oman,https://www.reuters.com/world/middle-east/iran-irgc-counter-blockade-naval-exercises-gulf-oman-2026-04-14/,38200,0.86,5800,2026-04-14
Brent crude climbs to $102 as blockade takes hold; analysts warn of $120 scenario,https://www.cnbc.com/2026/04/14/brent-crude-102-blockade-analysts-warn-120-scenario.html,24400,0.89,3200,2026-04-14
Orbán era ends: Péter Magyar and the Tisza Party celebrate sweeping election victory in Budapest,https://apnews.com/article/orban-era-ends-peter-magyar-tisza-party-victory-budapest-2026-04-12,74200,0.94,10400,2026-04-12
Iran's foreign ministry says talks will continue despite failed Islamabad summit,https://apnews.com/article/iran-foreign-ministry-talks-continue-islamabad-summit-2026-04-12,18400,0.9,2200,2026-04-12
Pill vs. shot: cost and convenience are reshaping the booming weight-loss drug market,https://www.reuters.com/business/healthcare-pharmaceuticals/pill-shot-weight-loss-drug-market-2026-04-12/,36500,0.93,4600,2026-04-11
Several Asian nations intervene in forex markets to prop up currencies amid Iran war,https://www.reuters.com/markets/asia-fx-intervention-iran-war-india-philippines-2026-04-07/,19800,0.89,2400,2026-04-11
Democrats see opening to win back Latino voters in South Florida as Iran war drags on,https://www.reuters.com/world/us/democrats-win-back-latino-voters-south-florida-2026-04-10/,22100,0.88,3200,2026-04-10
Mississippi River hits 50-year low as drought conditions intensify across mid-South,https://apnews.com/article/mississippi-river-50-year-low-drought-mid-south-2026-04-10,44200,0.93,6400,2026-04-10
Scientists find strongest evidence yet for liquid water ocean beneath Europa's icy crust,https://www.cnbc.com/2026/04/09/scientists-strongest-evidence-liquid-water-europa-icy-crust.html,98200,0.98,13800,2026-04-09
New US drug enforcement campaign in Latin America draws human rights criticism,https://apnews.com/article/us-drug-enforcement-campaign-latin-america-human-rights-2026-04-09,28400,0.86,4200,2026-04-09
NATO emergency summit called after Trump threatens to withdraw US from alliance,https://www.reuters.com/world/nato-emergency-summit-trump-threatens-withdrawal-2026-04-08/,84200,0.88,13800,2026-04-08
Iran war drives US gas prices to $5.24 average nationally — highest since 2022,https://www.cnbc.com/2026/04/08/iran-war-drives-us-gas-prices-5-24-highest-since-2022.html,68400,0.9,10800,2026-04-08
Farmers globally shift to less nutrient-hungry crops; China holds massive urea stockpile,https://www.reuters.com/business/environment/china-urea-stockpile-farmers-crops-shift-2026-04-09/,16800,0.91,1800,2026-04-07
AI is rewiring Bollywood: how artificial intelligence is reshaping India's film industry,https://www.reuters.com/technology/ai-rewiring-bollywood-india-film-industry-2026-04-03/,24100,0.91,3200,2026-04-07
US inflation ticks up to 4.2% in March as oil shock and tariffs ripple through economy,https://apnews.com/article/us-inflation-4-2-march-oil-shock-tariffs-economy-2026-04-06,48200,0.9,7200,2026-04-06
Bourbon industry faces existential crisis as tariffs and falling demand converge,https://www.reuters.com/business/bourbon-industry-crisis-tariffs-demand-2026-04-09/,18900,0.89,2300,2026-04-06
US-Iran ceasefire talks: What each side is demanding and why they keep failing,https://www.aljazeera.com/news/2026/4/5/us-iran-ceasefire-talks-demands-why-failing-explained,44200,0.91,6200,2026-04-05
Iran threatens to close Hormuz again if US attacks power grid infrastructure,https://apnews.com/article/iran-threatens-close-hormuz-again-us-power-grid-2026-04-05,62400,0.87,9800,2026-04-05
Turkey calls for immediate international mediation to end US-Iran conflict,https://apnews.com/article/turkey-international-mediation-us-iran-conflict-2026-04-04,28200,0.91,3800,2026-04-04
Ship insurance rates for Gulf routes quadruple in two weeks of conflict,https://www.reuters.com/business/ship-insurance-rates-gulf-routes-quadruple-2026-04-04/,34200,0.93,4800,2026-04-04
Congress split over whether to formally authorize Iran war under War Powers Resolution,https://apnews.com/article/congress-split-authorize-iran-war-war-powers-resolution-2026-04-03,74200,0.89,12400,2026-04-03
Senate Democrats introduce resolution to end US military operations in Iran within 30 days,https://apnews.com/article/senate-democrats-resolution-end-us-iran-military-operations-2026-04-03,58400,0.91,9200,2026-04-03
Iran closes all foreign embassies in Tehran amid escalating airstrikes,https://apnews.com/article/iran-closes-foreign-embassies-tehran-airstrikes-2026-04-02,48200,0.86,7200,2026-04-02
Russia condemns US-Israel war on Iran at UN; China calls for immediate ceasefire,https://apnews.com/article/russia-condemns-us-israel-iran-un-china-ceasefire-2026-04-02,44200,0.88,6400,2026-04-02
"Iran nuclear program set back 'years', but not destroyed, say US defense officials",https://www.cnbc.com/2026/04/02/iran-nuclear-program-set-back-years-not-destroyed-us-officials.html,68200,0.89,10800,2026-04-02
"April Fools aside, oil markets face a genuinely alarming week ahead",https://www.cnbc.com/2026/04/01/oil-markets-alarming-week-ahead-iran-war.html,28200,0.91,3800,2026-04-01
"Iran disables US radar and sensor networks in region, changes course of war — analysts say",https://multipluralworld.com/world-news-headlines-and-analysis-for-april-2026/,44200,0.87,6800,2026-04-01
At least 70 killed in attack on gold mine in South Sudan by rival armed group,https://apnews.com/article/attack-gold-mine-south-sudan-70-killed-armed-group-2026-03-31,22400,0.9,3000,2026-03-31
Mexico calls for investigation after Mexican immigrant dies at Adelanto ICE detention,https://apnews.com/article/mexico-investigation-immigrant-dies-adelanto-ice-detention-2026-03-31,48200,0.89,7200,2026-03-31
US Marine base in Bahrain hit by Iranian ballistic missile; 4 troops killed,https://apnews.com/article/us-marine-base-bahrain-iranian-ballistic-missile-killed-2026-03-30,128400,0.87,22800,2026-03-30
Japan calls emergency cabinet meeting after Iran war disrupts 90% of its oil supply,https://apnews.com/article/japan-emergency-cabinet-meeting-iran-war-oil-supply-2026-03-30,44200,0.92,6200,2026-03-30
"Cuba, facing total blackouts, accepts Russian fuel despite US warning",https://apnews.com/article/cuba-blackouts-russian-fuel-despite-us-warning-2026-03-28,34200,0.9,4800,2026-03-28
Spain and Switzerland announce joint diplomatic mission to mediate US-Iran ceasefire,https://apnews.com/article/spain-switzerland-diplomatic-mission-us-iran-ceasefire-2026-03-28,22400,0.91,2900,2026-03-28
Taiwan announces emergency military reserve activation as Iran war rattles Asia,https://apnews.com/article/taiwan-military-reserve-activation-iran-war-asia-2026-03-27,44200,0.89,6400,2026-03-27
EU activates solidarity clause for member states affected by oil supply disruption,https://apnews.com/article/eu-solidarity-clause-oil-supply-disruption-iran-2026-03-27,28200,0.91,3800,2026-03-27
Markets across Southeast Asia halted early as oil shock triggers circuit breakers,https://apnews.com/article/southeast-asia-markets-halted-oil-shock-circuit-breakers-2026-03-26,84200,0.88,13800,2026-03-26
"Egypt, Jordan call for immediate de-escalation; fear war will destabilize entire region",https://apnews.com/article/egypt-jordan-de-escalation-iran-war-destabilize-region-2026-03-26,38200,0.91,5400,2026-03-26
Democrats call for emergency war powers vote; Republicans mostly back Trump on Iran,https://apnews.com/article/democrats-war-powers-vote-republicans-back-trump-iran-2026-03-25,88200,0.89,14800,2026-03-25
"Iran reports 1,200 civilians killed in first 10 days of US-Israel airstrikes",https://apnews.com/article/iran-1200-civilians-killed-us-israel-airstrikes-10-days-2026-03-25,128400,0.87,22800,2026-03-25
Iranian sleeper cells arrested in three European countries following war outbreak,https://apnews.com/article/iranian-sleeper-cells-arrested-europe-war-outbreak-2026-03-24,74200,0.88,12400,2026-03-24
Google temporarily suspends all Iran-related Maps data over war intelligence concerns,https://apnews.com/article/google-suspends-iran-maps-data-war-intelligence-concerns-2026-03-24,58200,0.9,9200,2026-03-24
Lebanese PM calls for emergency UN session as Hezbollah-Israel fighting intensifies,https://apnews.com/article/lebanese-pm-emergency-un-session-hezbollah-israel-2026-03-23,28200,0.88,3800,2026-03-23
Iran shoots down two US drones over the Persian Gulf,https://apnews.com/article/iran-shoots-down-us-drones-persian-gulf-2026-03-23,84200,0.87,14200,2026-03-23
India activates emergency oil reserve protocol as Hormuz disruption deepens,https://apnews.com/article/india-emergency-oil-reserve-protocol-hormuz-disruption-2026-03-22,38200,0.92,5400,2026-03-22
Philippines sends evacuation ships to retrieve thousands of OFWs stranded in Gulf,https://apnews.com/article/philippines-evacuation-ofws-stranded-gulf-iran-war-2026-03-22,22400,0.93,2900,2026-03-22
"Red Cross issues emergency appeal for $2 billion in aid to Iran, Lebanon, Gaza",https://apnews.com/article/red-cross-emergency-appeal-2-billion-iran-lebanon-gaza-2026-03-20,44200,0.95,5800,2026-03-20
Stock markets stage partial recovery as ceasefire rumors circulate,https://apnews.com/article/stock-markets-partial-recovery-ceasefire-rumors-iran-2026-03-20,28200,0.9,3800,2026-03-20
Pakistan offers to host Iran-US peace talks; Islamabad seen as neutral ground,https://apnews.com/article/pakistan-hosts-iran-us-peace-talks-islamabad-neutral-2026-03-18,38200,0.93,5400,2026-03-18
Humanitarian aid flights to Iran halted as airspace remains closed to civilian aircraft,https://apnews.com/article/humanitarian-aid-flights-iran-halted-airspace-closed-2026-03-18,44200,0.94,5800,2026-03-18
